yaml.github-actions.security.github-actions-mutable-action-tag.github-actions-mutable-action-tag	WARNING	/src/crAPI/.github/workflows/pr-build.yml	30	GitHub Actions step uses a mutable tag or branch reference. Tags and branch names can be silently repointed by the action owner, enabling supply-chain attacks — as seen in the trivy-action and kics-github-action compromises. Pin the reference to a full 40-character commit SHA instead, e.g. `uses: actions/checkout@8ade135a41bc03ea155e62e844d188df1ea18608`.
yaml.github-actions.security.github-actions-mutable-action-tag.github-actions-mutable-action-tag	WARNING	/src/crAPI/.github/workflows/pr-build.yml	37	GitHub Actions step uses a mutable tag or branch reference. Tags and branch names can be silently repointed by the action owner, enabling supply-chain attacks — as seen in the trivy-action and kics-github-action compromises. Pin the reference to a full 40-character commit SHA instead, e.g. `uses: actions/checkout@8ade135a41bc03ea155e62e844d188df1ea18608`.
yaml.github-actions.security.github-actions-mutable-action-tag.github-actions-mutable-action-tag	WARNING	/src/crAPI/.github/workflows/pr-build.yml	74	GitHub Actions step uses a mutable tag or branch reference. Tags and branch names can be silently repointed by the action owner, enabling supply-chain attacks — as seen in the trivy-action and kics-github-action compromises. Pin the reference to a full 40-character commit SHA instead, e.g. `uses: actions/checkout@8ade135a41bc03ea155e62e844d188df1ea18608`.
yaml.github-actions.security.github-actions-mutable-action-tag.github-actions-mutable-action-tag	WARNING	/src/crAPI/.github/workflows/pr-build.yml	77	GitHub Actions step uses a mutable tag or branch reference. Tags and branch names can be silently repointed by the action owner, enabling supply-chain attacks — as seen in the trivy-action and kics-github-action compromises. Pin the reference to a full 40-character commit SHA instead, e.g. `uses: actions/checkout@8ade135a41bc03ea155e62e844d188df1ea18608`.
yaml.github-actions.security.github-actions-mutable-action-tag.github-actions-mutable-action-tag	WARNING	/src/crAPI/.github/workflows/pr-build.yml	80	GitHub Actions step uses a mutable tag or branch reference. Tags and branch names can be silently repointed by the action owner, enabling supply-chain attacks — as seen in the trivy-action and kics-github-action compromises. Pin the reference to a full 40-character commit SHA instead, e.g. `uses: actions/checkout@8ade135a41bc03ea155e62e844d188df1ea18608`.
yaml.github-actions.security.github-actions-mutable-action-tag.github-actions-mutable-action-tag	WARNING	/src/crAPI/.github/workflows/pr-build.yml	91	GitHub Actions step uses a mutable tag or branch reference. Tags and branch names can be silently repointed by the action owner, enabling supply-chain attacks — as seen in the trivy-action and kics-github-action compromises. Pin the reference to a full 40-character commit SHA instead, e.g. `uses: actions/checkout@8ade135a41bc03ea155e62e844d188df1ea18608`.
yaml.github-actions.security.github-actions-mutable-action-tag.github-actions-mutable-action-tag	WARNING	/src/crAPI/.github/workflows/pr-build.yml	102	GitHub Actions step uses a mutable tag or branch reference. Tags and branch names can be silently repointed by the action owner, enabling supply-chain attacks — as seen in the trivy-action and kics-github-action compromises. Pin the reference to a full 40-character commit SHA instead, e.g. `uses: actions/checkout@8ade135a41bc03ea155e62e844d188df1ea18608`.
yaml.github-actions.security.github-actions-mutable-action-tag.github-actions-mutable-action-tag	WARNING	/src/crAPI/.github/workflows/pr-build.yml	113	GitHub Actions step uses a mutable tag or branch reference. Tags and branch names can be silently repointed by the action owner, enabling supply-chain attacks — as seen in the trivy-action and kics-github-action compromises. Pin the reference to a full 40-character commit SHA instead, e.g. `uses: actions/checkout@8ade135a41bc03ea155e62e844d188df1ea18608`.
yaml.github-actions.security.github-actions-mutable-action-tag.github-actions-mutable-action-tag	WARNING	/src/crAPI/.github/workflows/pr-build.yml	124	GitHub Actions step uses a mutable tag or branch reference. Tags and branch names can be silently repointed by the action owner, enabling supply-chain attacks — as seen in the trivy-action and kics-github-action compromises. Pin the reference to a full 40-character commit SHA instead, e.g. `uses: actions/checkout@8ade135a41bc03ea155e62e844d188df1ea18608`.
yaml.github-actions.security.github-actions-mutable-action-tag.github-actions-mutable-action-tag	WARNING	/src/crAPI/.github/workflows/pr-build.yml	135	GitHub Actions step uses a mutable tag or branch reference. Tags and branch names can be silently repointed by the action owner, enabling supply-chain attacks — as seen in the trivy-action and kics-github-action compromises. Pin the reference to a full 40-character commit SHA instead, e.g. `uses: actions/checkout@8ade135a41bc03ea155e62e844d188df1ea18608`.
yaml.github-actions.security.github-actions-mutable-action-tag.github-actions-mutable-action-tag	WARNING	/src/crAPI/.github/workflows/pr-build.yml	146	GitHub Actions step uses a mutable tag or branch reference. Tags and branch names can be silently repointed by the action owner, enabling supply-chain attacks — as seen in the trivy-action and kics-github-action compromises. Pin the reference to a full 40-character commit SHA instead, e.g. `uses: actions/checkout@8ade135a41bc03ea155e62e844d188df1ea18608`.
yaml.github-actions.security.github-actions-mutable-action-tag.github-actions-mutable-action-tag	WARNING	/src/crAPI/.github/workflows/pr-build.yml	173	GitHub Actions step uses a mutable tag or branch reference. Tags and branch names can be silently repointed by the action owner, enabling supply-chain attacks — as seen in the trivy-action and kics-github-action compromises. Pin the reference to a full 40-character commit SHA instead, e.g. `uses: actions/checkout@8ade135a41bc03ea155e62e844d188df1ea18608`.
yaml.github-actions.security.github-actions-mutable-action-tag.github-actions-mutable-action-tag	WARNING	/src/crAPI/.github/workflows/pr-build.yml	185	GitHub Actions step uses a mutable tag or branch reference. Tags and branch names can be silently repointed by the action owner, enabling supply-chain attacks — as seen in the trivy-action and kics-github-action compromises. Pin the reference to a full 40-character commit SHA instead, e.g. `uses: actions/checkout@8ade135a41bc03ea155e62e844d188df1ea18608`.
yaml.github-actions.security.github-actions-mutable-action-tag.github-actions-mutable-action-tag	WARNING	/src/crAPI/.github/workflows/pr-build.yml	201	GitHub Actions step uses a mutable tag or branch reference. Tags and branch names can be silently repointed by the action owner, enabling supply-chain attacks — as seen in the trivy-action and kics-github-action compromises. Pin the reference to a full 40-character commit SHA instead, e.g. `uses: actions/checkout@8ade135a41bc03ea155e62e844d188df1ea18608`.
yaml.github-actions.security.github-actions-mutable-action-tag.github-actions-mutable-action-tag	WARNING	/src/crAPI/.github/workflows/pr-build.yml	204	GitHub Actions step uses a mutable tag or branch reference. Tags and branch names can be silently repointed by the action owner, enabling supply-chain attacks — as seen in the trivy-action and kics-github-action compromises. Pin the reference to a full 40-character commit SHA instead, e.g. `uses: actions/checkout@8ade135a41bc03ea155e62e844d188df1ea18608`.
yaml.github-actions.security.github-actions-mutable-action-tag.github-actions-mutable-action-tag	WARNING	/src/crAPI/.github/workflows/pr-build.yml	209	GitHub Actions step uses a mutable tag or branch reference. Tags and branch names can be silently repointed by the action owner, enabling supply-chain attacks — as seen in the trivy-action and kics-github-action compromises. Pin the reference to a full 40-character commit SHA instead, e.g. `uses: actions/checkout@8ade135a41bc03ea155e62e844d188df1ea18608`.
yaml.github-actions.security.github-actions-mutable-action-tag.github-actions-mutable-action-tag	WARNING	/src/crAPI/.github/workflows/pr-build.yml	215	GitHub Actions step uses a mutable tag or branch reference. Tags and branch names can be silently repointed by the action owner, enabling supply-chain attacks — as seen in the trivy-action and kics-github-action compromises. Pin the reference to a full 40-character commit SHA instead, e.g. `uses: actions/checkout@8ade135a41bc03ea155e62e844d188df1ea18608`.
yaml.github-actions.security.github-actions-mutable-action-tag.github-actions-mutable-action-tag	WARNING	/src/crAPI/.github/workflows/pr-build.yml	235	GitHub Actions step uses a mutable tag or branch reference. Tags and branch names can be silently repointed by the action owner, enabling supply-chain attacks — as seen in the trivy-action and kics-github-action compromises. Pin the reference to a full 40-character commit SHA instead, e.g. `uses: actions/checkout@8ade135a41bc03ea155e62e844d188df1ea18608`.
yaml.github-actions.security.github-actions-mutable-action-tag.github-actions-mutable-action-tag	WARNING	/src/crAPI/.github/workflows/pr-build.yml	264	GitHub Actions step uses a mutable tag or branch reference. Tags and branch names can be silently repointed by the action owner, enabling supply-chain attacks — as seen in the trivy-action and kics-github-action compromises. Pin the reference to a full 40-character commit SHA instead, e.g. `uses: actions/checkout@8ade135a41bc03ea155e62e844d188df1ea18608`.
yaml.github-actions.security.github-actions-mutable-action-tag.github-actions-mutable-action-tag	WARNING	/src/crAPI/.github/workflows/pr-build.yml	281	GitHub Actions step uses a mutable tag or branch reference. Tags and branch names can be silently repointed by the action owner, enabling supply-chain attacks — as seen in the trivy-action and kics-github-action compromises. Pin the reference to a full 40-character commit SHA instead, e.g. `uses: actions/checkout@8ade135a41bc03ea155e62e844d188df1ea18608`.
yaml.github-actions.security.github-actions-mutable-action-tag.github-actions-mutable-action-tag	WARNING	/src/crAPI/.github/workflows/publish.yml	32	GitHub Actions step uses a mutable tag or branch reference. Tags and branch names can be silently repointed by the action owner, enabling supply-chain attacks — as seen in the trivy-action and kics-github-action compromises. Pin the reference to a full 40-character commit SHA instead, e.g. `uses: actions/checkout@8ade135a41bc03ea155e62e844d188df1ea18608`.
yaml.github-actions.security.github-actions-mutable-action-tag.github-actions-mutable-action-tag	WARNING	/src/crAPI/.github/workflows/publish.yml	39	GitHub Actions step uses a mutable tag or branch reference. Tags and branch names can be silently repointed by the action owner, enabling supply-chain attacks — as seen in the trivy-action and kics-github-action compromises. Pin the reference to a full 40-character commit SHA instead, e.g. `uses: actions/checkout@8ade135a41bc03ea155e62e844d188df1ea18608`.
yaml.github-actions.security.github-actions-mutable-action-tag.github-actions-mutable-action-tag	WARNING	/src/crAPI/.github/workflows/publish.yml	76	GitHub Actions step uses a mutable tag or branch reference. Tags and branch names can be silently repointed by the action owner, enabling supply-chain attacks — as seen in the trivy-action and kics-github-action compromises. Pin the reference to a full 40-character commit SHA instead, e.g. `uses: actions/checkout@8ade135a41bc03ea155e62e844d188df1ea18608`.
yaml.github-actions.security.github-actions-mutable-action-tag.github-actions-mutable-action-tag	WARNING	/src/crAPI/.github/workflows/publish.yml	79	GitHub Actions step uses a mutable tag or branch reference. Tags and branch names can be silently repointed by the action owner, enabling supply-chain attacks — as seen in the trivy-action and kics-github-action compromises. Pin the reference to a full 40-character commit SHA instead, e.g. `uses: actions/checkout@8ade135a41bc03ea155e62e844d188df1ea18608`.
yaml.github-actions.security.github-actions-mutable-action-tag.github-actions-mutable-action-tag	WARNING	/src/crAPI/.github/workflows/publish.yml	82	GitHub Actions step uses a mutable tag or branch reference. Tags and branch names can be silently repointed by the action owner, enabling supply-chain attacks — as seen in the trivy-action and kics-github-action compromises. Pin the reference to a full 40-character commit SHA instead, e.g. `uses: actions/checkout@8ade135a41bc03ea155e62e844d188df1ea18608`.
yaml.github-actions.security.github-actions-mutable-action-tag.github-actions-mutable-action-tag	WARNING	/src/crAPI/.github/workflows/publish.yml	88	GitHub Actions step uses a mutable tag or branch reference. Tags and branch names can be silently repointed by the action owner, enabling supply-chain attacks — as seen in the trivy-action and kics-github-action compromises. Pin the reference to a full 40-character commit SHA instead, e.g. `uses: actions/checkout@8ade135a41bc03ea155e62e844d188df1ea18608`.
yaml.github-actions.security.github-actions-mutable-action-tag.github-actions-mutable-action-tag	WARNING	/src/crAPI/.github/workflows/publish.yml	98	GitHub Actions step uses a mutable tag or branch reference. Tags and branch names can be silently repointed by the action owner, enabling supply-chain attacks — as seen in the trivy-action and kics-github-action compromises. Pin the reference to a full 40-character commit SHA instead, e.g. `uses: actions/checkout@8ade135a41bc03ea155e62e844d188df1ea18608`.
yaml.github-actions.security.github-actions-mutable-action-tag.github-actions-mutable-action-tag	WARNING	/src/crAPI/.github/workflows/publish.yml	108	GitHub Actions step uses a mutable tag or branch reference. Tags and branch names can be silently repointed by the action owner, enabling supply-chain attacks — as seen in the trivy-action and kics-github-action compromises. Pin the reference to a full 40-character commit SHA instead, e.g. `uses: actions/checkout@8ade135a41bc03ea155e62e844d188df1ea18608`.
yaml.github-actions.security.github-actions-mutable-action-tag.github-actions-mutable-action-tag	WARNING	/src/crAPI/.github/workflows/publish.yml	118	GitHub Actions step uses a mutable tag or branch reference. Tags and branch names can be silently repointed by the action owner, enabling supply-chain attacks — as seen in the trivy-action and kics-github-action compromises. Pin the reference to a full 40-character commit SHA instead, e.g. `uses: actions/checkout@8ade135a41bc03ea155e62e844d188df1ea18608`.
yaml.github-actions.security.github-actions-mutable-action-tag.github-actions-mutable-action-tag	WARNING	/src/crAPI/.github/workflows/publish.yml	128	GitHub Actions step uses a mutable tag or branch reference. Tags and branch names can be silently repointed by the action owner, enabling supply-chain attacks — as seen in the trivy-action and kics-github-action compromises. Pin the reference to a full 40-character commit SHA instead, e.g. `uses: actions/checkout@8ade135a41bc03ea155e62e844d188df1ea18608`.
yaml.github-actions.security.github-actions-mutable-action-tag.github-actions-mutable-action-tag	WARNING	/src/crAPI/.github/workflows/publish.yml	138	GitHub Actions step uses a mutable tag or branch reference. Tags and branch names can be silently repointed by the action owner, enabling supply-chain attacks — as seen in the trivy-action and kics-github-action compromises. Pin the reference to a full 40-character commit SHA instead, e.g. `uses: actions/checkout@8ade135a41bc03ea155e62e844d188df1ea18608`.
yaml.github-actions.security.github-actions-mutable-action-tag.github-actions-mutable-action-tag	WARNING	/src/crAPI/.github/workflows/publish.yml	148	GitHub Actions step uses a mutable tag or branch reference. Tags and branch names can be silently repointed by the action owner, enabling supply-chain attacks — as seen in the trivy-action and kics-github-action compromises. Pin the reference to a full 40-character commit SHA instead, e.g. `uses: actions/checkout@8ade135a41bc03ea155e62e844d188df1ea18608`.
yaml.github-actions.security.github-actions-mutable-action-tag.github-actions-mutable-action-tag	WARNING	/src/crAPI/.github/workflows/workflow-multiarch.yml	26	GitHub Actions step uses a mutable tag or branch reference. Tags and branch names can be silently repointed by the action owner, enabling supply-chain attacks — as seen in the trivy-action and kics-github-action compromises. Pin the reference to a full 40-character commit SHA instead, e.g. `uses: actions/checkout@8ade135a41bc03ea155e62e844d188df1ea18608`.
yaml.github-actions.security.github-actions-mutable-action-tag.github-actions-mutable-action-tag	WARNING	/src/crAPI/.github/workflows/workflow-multiarch.yml	33	GitHub Actions step uses a mutable tag or branch reference. Tags and branch names can be silently repointed by the action owner, enabling supply-chain attacks — as seen in the trivy-action and kics-github-action compromises. Pin the reference to a full 40-character commit SHA instead, e.g. `uses: actions/checkout@8ade135a41bc03ea155e62e844d188df1ea18608`.
yaml.github-actions.security.github-actions-mutable-action-tag.github-actions-mutable-action-tag	WARNING	/src/crAPI/.github/workflows/workflow-multiarch.yml	50	GitHub Actions step uses a mutable tag or branch reference. Tags and branch names can be silently repointed by the action owner, enabling supply-chain attacks — as seen in the trivy-action and kics-github-action compromises. Pin the reference to a full 40-character commit SHA instead, e.g. `uses: actions/checkout@8ade135a41bc03ea155e62e844d188df1ea18608`.
yaml.github-actions.security.github-actions-mutable-action-tag.github-actions-mutable-action-tag	WARNING	/src/crAPI/.github/workflows/workflow-multiarch.yml	58	GitHub Actions step uses a mutable tag or branch reference. Tags and branch names can be silently repointed by the action owner, enabling supply-chain attacks — as seen in the trivy-action and kics-github-action compromises. Pin the reference to a full 40-character commit SHA instead, e.g. `uses: actions/checkout@8ade135a41bc03ea155e62e844d188df1ea18608`.
yaml.github-actions.security.github-actions-mutable-action-tag.github-actions-mutable-action-tag	WARNING	/src/crAPI/.github/workflows/workflow-multiarch.yml	61	GitHub Actions step uses a mutable tag or branch reference. Tags and branch names can be silently repointed by the action owner, enabling supply-chain attacks — as seen in the trivy-action and kics-github-action compromises. Pin the reference to a full 40-character commit SHA instead, e.g. `uses: actions/checkout@8ade135a41bc03ea155e62e844d188df1ea18608`.
yaml.github-actions.security.github-actions-mutable-action-tag.github-actions-mutable-action-tag	WARNING	/src/crAPI/.github/workflows/workflow-multiarch.yml	64	GitHub Actions step uses a mutable tag or branch reference. Tags and branch names can be silently repointed by the action owner, enabling supply-chain attacks — as seen in the trivy-action and kics-github-action compromises. Pin the reference to a full 40-character commit SHA instead, e.g. `uses: actions/checkout@8ade135a41bc03ea155e62e844d188df1ea18608`.
yaml.github-actions.security.github-actions-mutable-action-tag.github-actions-mutable-action-tag	WARNING	/src/crAPI/.github/workflows/workflow-multiarch.yml	70	GitHub Actions step uses a mutable tag or branch reference. Tags and branch names can be silently repointed by the action owner, enabling supply-chain attacks — as seen in the trivy-action and kics-github-action compromises. Pin the reference to a full 40-character commit SHA instead, e.g. `uses: actions/checkout@8ade135a41bc03ea155e62e844d188df1ea18608`.
yaml.github-actions.security.github-actions-mutable-action-tag.github-actions-mutable-action-tag	WARNING	/src/crAPI/.github/workflows/workflow-multiarch.yml	80	GitHub Actions step uses a mutable tag or branch reference. Tags and branch names can be silently repointed by the action owner, enabling supply-chain attacks — as seen in the trivy-action and kics-github-action compromises. Pin the reference to a full 40-character commit SHA instead, e.g. `uses: actions/checkout@8ade135a41bc03ea155e62e844d188df1ea18608`.
yaml.github-actions.security.github-actions-mutable-action-tag.github-actions-mutable-action-tag	WARNING	/src/crAPI/.github/workflows/workflow-multiarch.yml	90	GitHub Actions step uses a mutable tag or branch reference. Tags and branch names can be silently repointed by the action owner, enabling supply-chain attacks — as seen in the trivy-action and kics-github-action compromises. Pin the reference to a full 40-character commit SHA instead, e.g. `uses: actions/checkout@8ade135a41bc03ea155e62e844d188df1ea18608`.
yaml.github-actions.security.github-actions-mutable-action-tag.github-actions-mutable-action-tag	WARNING	/src/crAPI/.github/workflows/workflow-multiarch.yml	100	GitHub Actions step uses a mutable tag or branch reference. Tags and branch names can be silently repointed by the action owner, enabling supply-chain attacks — as seen in the trivy-action and kics-github-action compromises. Pin the reference to a full 40-character commit SHA instead, e.g. `uses: actions/checkout@8ade135a41bc03ea155e62e844d188df1ea18608`.
yaml.github-actions.security.github-actions-mutable-action-tag.github-actions-mutable-action-tag	WARNING	/src/crAPI/.github/workflows/workflow-multiarch.yml	110	GitHub Actions step uses a mutable tag or branch reference. Tags and branch names can be silently repointed by the action owner, enabling supply-chain attacks — as seen in the trivy-action and kics-github-action compromises. Pin the reference to a full 40-character commit SHA instead, e.g. `uses: actions/checkout@8ade135a41bc03ea155e62e844d188df1ea18608`.
yaml.github-actions.security.github-actions-mutable-action-tag.github-actions-mutable-action-tag	WARNING	/src/crAPI/.github/workflows/workflow-multiarch.yml	120	GitHub Actions step uses a mutable tag or branch reference. Tags and branch names can be silently repointed by the action owner, enabling supply-chain attacks — as seen in the trivy-action and kics-github-action compromises. Pin the reference to a full 40-character commit SHA instead, e.g. `uses: actions/checkout@8ade135a41bc03ea155e62e844d188df1ea18608`.
yaml.github-actions.security.github-actions-mutable-action-tag.github-actions-mutable-action-tag	WARNING	/src/crAPI/.github/workflows/workflow-multiarch.yml	130	GitHub Actions step uses a mutable tag or branch reference. Tags and branch names can be silently repointed by the action owner, enabling supply-chain attacks — as seen in the trivy-action and kics-github-action compromises. Pin the reference to a full 40-character commit SHA instead, e.g. `uses: actions/checkout@8ade135a41bc03ea155e62e844d188df1ea18608`.
yaml.github-actions.security.github-actions-mutable-action-tag.github-actions-mutable-action-tag	WARNING	/src/crAPI/.github/workflows/workflow-multiarch.yml	144	GitHub Actions step uses a mutable tag or branch reference. Tags and branch names can be silently repointed by the action owner, enabling supply-chain attacks — as seen in the trivy-action and kics-github-action compromises. Pin the reference to a full 40-character commit SHA instead, e.g. `uses: actions/checkout@8ade135a41bc03ea155e62e844d188df1ea18608`.
yaml.github-actions.security.github-actions-mutable-action-tag.github-actions-mutable-action-tag	WARNING	/src/crAPI/.github/workflows/workflow-multiarch.yml	147	GitHub Actions step uses a mutable tag or branch reference. Tags and branch names can be silently repointed by the action owner, enabling supply-chain attacks — as seen in the trivy-action and kics-github-action compromises. Pin the reference to a full 40-character commit SHA instead, e.g. `uses: actions/checkout@8ade135a41bc03ea155e62e844d188df1ea18608`.
yaml.github-actions.security.github-actions-mutable-action-tag.github-actions-mutable-action-tag	WARNING	/src/crAPI/.github/workflows/workflow-multiarch.yml	158	GitHub Actions step uses a mutable tag or branch reference. Tags and branch names can be silently repointed by the action owner, enabling supply-chain attacks — as seen in the trivy-action and kics-github-action compromises. Pin the reference to a full 40-character commit SHA instead, e.g. `uses: actions/checkout@8ade135a41bc03ea155e62e844d188df1ea18608`.
yaml.github-actions.security.github-actions-mutable-action-tag.github-actions-mutable-action-tag	WARNING	/src/crAPI/.github/workflows/workflow-multiarch.yml	168	GitHub Actions step uses a mutable tag or branch reference. Tags and branch names can be silently repointed by the action owner, enabling supply-chain attacks — as seen in the trivy-action and kics-github-action compromises. Pin the reference to a full 40-character commit SHA instead, e.g. `uses: actions/checkout@8ade135a41bc03ea155e62e844d188df1ea18608`.
yaml.github-actions.security.github-actions-mutable-action-tag.github-actions-mutable-action-tag	WARNING	/src/crAPI/.github/workflows/workflow-multiarch.yml	178	GitHub Actions step uses a mutable tag or branch reference. Tags and branch names can be silently repointed by the action owner, enabling supply-chain attacks — as seen in the trivy-action and kics-github-action compromises. Pin the reference to a full 40-character commit SHA instead, e.g. `uses: actions/checkout@8ade135a41bc03ea155e62e844d188df1ea18608`.
yaml.github-actions.security.github-actions-mutable-action-tag.github-actions-mutable-action-tag	WARNING	/src/crAPI/.github/workflows/workflow-multiarch.yml	188	GitHub Actions step uses a mutable tag or branch reference. Tags and branch names can be silently repointed by the action owner, enabling supply-chain attacks — as seen in the trivy-action and kics-github-action compromises. Pin the reference to a full 40-character commit SHA instead, e.g. `uses: actions/checkout@8ade135a41bc03ea155e62e844d188df1ea18608`.
yaml.github-actions.security.github-actions-mutable-action-tag.github-actions-mutable-action-tag	WARNING	/src/crAPI/.github/workflows/workflow-multiarch.yml	198	GitHub Actions step uses a mutable tag or branch reference. Tags and branch names can be silently repointed by the action owner, enabling supply-chain attacks — as seen in the trivy-action and kics-github-action compromises. Pin the reference to a full 40-character commit SHA instead, e.g. `uses: actions/checkout@8ade135a41bc03ea155e62e844d188df1ea18608`.
yaml.github-actions.security.github-actions-mutable-action-tag.github-actions-mutable-action-tag	WARNING	/src/crAPI/.github/workflows/workflow-multiarch.yml	208	GitHub Actions step uses a mutable tag or branch reference. Tags and branch names can be silently repointed by the action owner, enabling supply-chain attacks — as seen in the trivy-action and kics-github-action compromises. Pin the reference to a full 40-character commit SHA instead, e.g. `uses: actions/checkout@8ade135a41bc03ea155e62e844d188df1ea18608`.
yaml.github-actions.security.github-actions-mutable-action-tag.github-actions-mutable-action-tag	WARNING	/src/crAPI/.github/workflows/workflow-multiarch.yml	218	GitHub Actions step uses a mutable tag or branch reference. Tags and branch names can be silently repointed by the action owner, enabling supply-chain attacks — as seen in the trivy-action and kics-github-action compromises. Pin the reference to a full 40-character commit SHA instead, e.g. `uses: actions/checkout@8ade135a41bc03ea155e62e844d188df1ea18608`.
yaml.kubernetes.security.run-as-non-root.run-as-non-root	INFO	/src/crAPI/deploy/k8s/base/chatbot/deployment.yaml	14	When running containers in Kubernetes, it's important to ensure that they  are properly secured to prevent privilege escalation attacks.  One potential vulnerability is when a container is allowed to run  applications as the root user, which could allow an attacker to gain  access to sensitive resources. To mitigate this risk, it's recommended to  add a `securityContext` to the container, with the parameter `runAsNonRoot`  set to `true`. This will ensure that the container runs as a non-root user,  limiting the damage that could be caused by any potential attacks. By  adding a `securityContext` to the container in your Kubernetes pod, you can  help to ensure that your containerized applications are more secure and  less vulnerable to privilege escalation attacks.
yaml.kubernetes.security.allow-privilege-escalation-no-securitycontext.allow-privilege-escalation-no-securitycontext	WARNING	/src/crAPI/deploy/k8s/base/chatbot/deployment.yaml	16	In Kubernetes, each pod runs in its own isolated environment with its own set of security policies. However, certain container images may contain `setuid` or `setgid` binaries that could allow an attacker to perform privilege escalation and gain access to sensitive resources. To mitigate this risk, it's recommended to add a `securityContext` to the container in the pod, with the parameter `allowPrivilegeEscalation` set to `false`. This will prevent the container from running any privileged processes and limit the impact of any potential attacks. By adding a `securityContext` to your Kubernetes pod, you can help to ensure that your containerized applications are more secure and less vulnerable to privilege escalation attacks.
yaml.kubernetes.security.run-as-non-root.run-as-non-root	INFO	/src/crAPI/deploy/k8s/base/chromadb/statefulset.yaml	17	When running containers in Kubernetes, it's important to ensure that they  are properly secured to prevent privilege escalation attacks.  One potential vulnerability is when a container is allowed to run  applications as the root user, which could allow an attacker to gain  access to sensitive resources. To mitigate this risk, it's recommended to  add a `securityContext` to the container, with the parameter `runAsNonRoot`  set to `true`. This will ensure that the container runs as a non-root user,  limiting the damage that could be caused by any potential attacks. By  adding a `securityContext` to the container in your Kubernetes pod, you can  help to ensure that your containerized applications are more secure and  less vulnerable to privilege escalation attacks.
yaml.kubernetes.security.allow-privilege-escalation-no-securitycontext.allow-privilege-escalation-no-securitycontext	WARNING	/src/crAPI/deploy/k8s/base/chromadb/statefulset.yaml	19	In Kubernetes, each pod runs in its own isolated environment with its own set of security policies. However, certain container images may contain `setuid` or `setgid` binaries that could allow an attacker to perform privilege escalation and gain access to sensitive resources. To mitigate this risk, it's recommended to add a `securityContext` to the container in the pod, with the parameter `allowPrivilegeEscalation` set to `false`. This will prevent the container from running any privileged processes and limit the impact of any potential attacks. By adding a `securityContext` to your Kubernetes pod, you can help to ensure that your containerized applications are more secure and less vulnerable to privilege escalation attacks.
yaml.kubernetes.security.run-as-non-root.run-as-non-root	INFO	/src/crAPI/deploy/k8s/base/community/deployment.yaml	14	When running containers in Kubernetes, it's important to ensure that they  are properly secured to prevent privilege escalation attacks.  One potential vulnerability is when a container is allowed to run  applications as the root user, which could allow an attacker to gain  access to sensitive resources. To mitigate this risk, it's recommended to  add a `securityContext` to the container, with the parameter `runAsNonRoot`  set to `true`. This will ensure that the container runs as a non-root user,  limiting the damage that could be caused by any potential attacks. By  adding a `securityContext` to the container in your Kubernetes pod, you can  help to ensure that your containerized applications are more secure and  less vulnerable to privilege escalation attacks.
yaml.kubernetes.security.allow-privilege-escalation-no-securitycontext.allow-privilege-escalation-no-securitycontext	WARNING	/src/crAPI/deploy/k8s/base/community/deployment.yaml	35	In Kubernetes, each pod runs in its own isolated environment with its own set of security policies. However, certain container images may contain `setuid` or `setgid` binaries that could allow an attacker to perform privilege escalation and gain access to sensitive resources. To mitigate this risk, it's recommended to add a `securityContext` to the container in the pod, with the parameter `allowPrivilegeEscalation` set to `false`. This will prevent the container from running any privileged processes and limit the impact of any potential attacks. By adding a `securityContext` to your Kubernetes pod, you can help to ensure that your containerized applications are more secure and less vulnerable to privilege escalation attacks.
yaml.kubernetes.security.run-as-non-root.run-as-non-root	INFO	/src/crAPI/deploy/k8s/base/gateway-service/deployment.yaml	14	When running containers in Kubernetes, it's important to ensure that they  are properly secured to prevent privilege escalation attacks.  One potential vulnerability is when a container is allowed to run  applications as the root user, which could allow an attacker to gain  access to sensitive resources. To mitigate this risk, it's recommended to  add a `securityContext` to the container, with the parameter `runAsNonRoot`  set to `true`. This will ensure that the container runs as a non-root user,  limiting the damage that could be caused by any potential attacks. By  adding a `securityContext` to the container in your Kubernetes pod, you can  help to ensure that your containerized applications are more secure and  less vulnerable to privilege escalation attacks.
yaml.kubernetes.security.allow-privilege-escalation-no-securitycontext.allow-privilege-escalation-no-securitycontext	WARNING	/src/crAPI/deploy/k8s/base/gateway-service/deployment.yaml	16	In Kubernetes, each pod runs in its own isolated environment with its own set of security policies. However, certain container images may contain `setuid` or `setgid` binaries that could allow an attacker to perform privilege escalation and gain access to sensitive resources. To mitigate this risk, it's recommended to add a `securityContext` to the container in the pod, with the parameter `allowPrivilegeEscalation` set to `false`. This will prevent the container from running any privileged processes and limit the impact of any potential attacks. By adding a `securityContext` to your Kubernetes pod, you can help to ensure that your containerized applications are more secure and less vulnerable to privilege escalation attacks.
yaml.kubernetes.security.run-as-non-root.run-as-non-root	INFO	/src/crAPI/deploy/k8s/base/identity/deployment.yaml	14	When running containers in Kubernetes, it's important to ensure that they  are properly secured to prevent privilege escalation attacks.  One potential vulnerability is when a container is allowed to run  applications as the root user, which could allow an attacker to gain  access to sensitive resources. To mitigate this risk, it's recommended to  add a `securityContext` to the container, with the parameter `runAsNonRoot`  set to `true`. This will ensure that the container runs as a non-root user,  limiting the damage that could be caused by any potential attacks. By  adding a `securityContext` to the container in your Kubernetes pod, you can  help to ensure that your containerized applications are more secure and  less vulnerable to privilege escalation attacks.
yaml.kubernetes.security.allow-privilege-escalation-no-securitycontext.allow-privilege-escalation-no-securitycontext	WARNING	/src/crAPI/deploy/k8s/base/identity/deployment.yaml	27	In Kubernetes, each pod runs in its own isolated environment with its own set of security policies. However, certain container images may contain `setuid` or `setgid` binaries that could allow an attacker to perform privilege escalation and gain access to sensitive resources. To mitigate this risk, it's recommended to add a `securityContext` to the container in the pod, with the parameter `allowPrivilegeEscalation` set to `false`. This will prevent the container from running any privileged processes and limit the impact of any potential attacks. By adding a `securityContext` to your Kubernetes pod, you can help to ensure that your containerized applications are more secure and less vulnerable to privilege escalation attacks.
yaml.kubernetes.security.allow-privilege-escalation-no-securitycontext.allow-privilege-escalation-no-securitycontext	WARNING	/src/crAPI/deploy/k8s/base/mailhog/deployment.yaml	24	In Kubernetes, each pod runs in its own isolated environment with its own set of security policies. However, certain container images may contain `setuid` or `setgid` binaries that could allow an attacker to perform privilege escalation and gain access to sensitive resources. To mitigate this risk, it's recommended to add a `securityContext` to the container in the pod, with the parameter `allowPrivilegeEscalation` set to `false`. This will prevent the container from running any privileged processes and limit the impact of any potential attacks. By adding a `securityContext` to your Kubernetes pod, you can help to ensure that your containerized applications are more secure and less vulnerable to privilege escalation attacks.
yaml.kubernetes.security.run-as-non-root.run-as-non-root	INFO	/src/crAPI/deploy/k8s/base/mongodb/statefulset.yaml	15	When running containers in Kubernetes, it's important to ensure that they  are properly secured to prevent privilege escalation attacks.  One potential vulnerability is when a container is allowed to run  applications as the root user, which could allow an attacker to gain  access to sensitive resources. To mitigate this risk, it's recommended to  add a `securityContext` to the container, with the parameter `runAsNonRoot`  set to `true`. This will ensure that the container runs as a non-root user,  limiting the damage that could be caused by any potential attacks. By  adding a `securityContext` to the container in your Kubernetes pod, you can  help to ensure that your containerized applications are more secure and  less vulnerable to privilege escalation attacks.
yaml.kubernetes.security.allow-privilege-escalation-no-securitycontext.allow-privilege-escalation-no-securitycontext	WARNING	/src/crAPI/deploy/k8s/base/mongodb/statefulset.yaml	17	In Kubernetes, each pod runs in its own isolated environment with its own set of security policies. However, certain container images may contain `setuid` or `setgid` binaries that could allow an attacker to perform privilege escalation and gain access to sensitive resources. To mitigate this risk, it's recommended to add a `securityContext` to the container in the pod, with the parameter `allowPrivilegeEscalation` set to `false`. This will prevent the container from running any privileged processes and limit the impact of any potential attacks. By adding a `securityContext` to your Kubernetes pod, you can help to ensure that your containerized applications are more secure and less vulnerable to privilege escalation attacks.
yaml.kubernetes.security.run-as-non-root.run-as-non-root	INFO	/src/crAPI/deploy/k8s/base/postgres/statefulset.yaml	15	When running containers in Kubernetes, it's important to ensure that they  are properly secured to prevent privilege escalation attacks.  One potential vulnerability is when a container is allowed to run  applications as the root user, which could allow an attacker to gain  access to sensitive resources. To mitigate this risk, it's recommended to  add a `securityContext` to the container, with the parameter `runAsNonRoot`  set to `true`. This will ensure that the container runs as a non-root user,  limiting the damage that could be caused by any potential attacks. By  adding a `securityContext` to the container in your Kubernetes pod, you can  help to ensure that your containerized applications are more secure and  less vulnerable to privilege escalation attacks.
yaml.kubernetes.security.allow-privilege-escalation-no-securitycontext.allow-privilege-escalation-no-securitycontext	WARNING	/src/crAPI/deploy/k8s/base/postgres/statefulset.yaml	17	In Kubernetes, each pod runs in its own isolated environment with its own set of security policies. However, certain container images may contain `setuid` or `setgid` binaries that could allow an attacker to perform privilege escalation and gain access to sensitive resources. To mitigate this risk, it's recommended to add a `securityContext` to the container in the pod, with the parameter `allowPrivilegeEscalation` set to `false`. This will prevent the container from running any privileged processes and limit the impact of any potential attacks. By adding a `securityContext` to your Kubernetes pod, you can help to ensure that your containerized applications are more secure and less vulnerable to privilege escalation attacks.
yaml.kubernetes.security.run-as-non-root.run-as-non-root	INFO	/src/crAPI/deploy/k8s/base/web/deployment.yaml	14	When running containers in Kubernetes, it's important to ensure that they  are properly secured to prevent privilege escalation attacks.  One potential vulnerability is when a container is allowed to run  applications as the root user, which could allow an attacker to gain  access to sensitive resources. To mitigate this risk, it's recommended to  add a `securityContext` to the container, with the parameter `runAsNonRoot`  set to `true`. This will ensure that the container runs as a non-root user,  limiting the damage that could be caused by any potential attacks. By  adding a `securityContext` to the container in your Kubernetes pod, you can  help to ensure that your containerized applications are more secure and  less vulnerable to privilege escalation attacks.
yaml.kubernetes.security.allow-privilege-escalation-no-securitycontext.allow-privilege-escalation-no-securitycontext	WARNING	/src/crAPI/deploy/k8s/base/web/deployment.yaml	16	In Kubernetes, each pod runs in its own isolated environment with its own set of security policies. However, certain container images may contain `setuid` or `setgid` binaries that could allow an attacker to perform privilege escalation and gain access to sensitive resources. To mitigate this risk, it's recommended to add a `securityContext` to the container in the pod, with the parameter `allowPrivilegeEscalation` set to `false`. This will prevent the container from running any privileged processes and limit the impact of any potential attacks. By adding a `securityContext` to your Kubernetes pod, you can help to ensure that your containerized applications are more secure and less vulnerable to privilege escalation attacks.
yaml.kubernetes.security.run-as-non-root.run-as-non-root	INFO	/src/crAPI/deploy/k8s/base/workshop/deployment.yaml	14	When running containers in Kubernetes, it's important to ensure that they  are properly secured to prevent privilege escalation attacks.  One potential vulnerability is when a container is allowed to run  applications as the root user, which could allow an attacker to gain  access to sensitive resources. To mitigate this risk, it's recommended to  add a `securityContext` to the container, with the parameter `runAsNonRoot`  set to `true`. This will ensure that the container runs as a non-root user,  limiting the damage that could be caused by any potential attacks. By  adding a `securityContext` to the container in your Kubernetes pod, you can  help to ensure that your containerized applications are more secure and  less vulnerable to privilege escalation attacks.
yaml.kubernetes.security.allow-privilege-escalation-no-securitycontext.allow-privilege-escalation-no-securitycontext	WARNING	/src/crAPI/deploy/k8s/base/workshop/deployment.yaml	29	In Kubernetes, each pod runs in its own isolated environment with its own set of security policies. However, certain container images may contain `setuid` or `setgid` binaries that could allow an attacker to perform privilege escalation and gain access to sensitive resources. To mitigate this risk, it's recommended to add a `securityContext` to the container in the pod, with the parameter `allowPrivilegeEscalation` set to `false`. This will prevent the container from running any privileged processes and limit the impact of any potential attacks. By adding a `securityContext` to your Kubernetes pod, you can help to ensure that your containerized applications are more secure and less vulnerable to privilege escalation attacks.
generic.secrets.security.detected-jwt-token.detected-jwt-token	ERROR	/src/crAPI/postman_collections/crAPI.postman_collection.json	1197	JWT token detected
generic.secrets.security.detected-jwt-token.detected-jwt-token	ERROR	/src/crAPI/postman_collections/crAPI.postman_collection.json	1841	JWT token detected
generic.secrets.security.detected-jwt-token.detected-jwt-token	ERROR	/src/crAPI/postman_collections/crAPI.postman_collection.json	2023	JWT token detected
generic.secrets.security.detected-jwt-token.detected-jwt-token	ERROR	/src/crAPI/postman_collections/crAPI.postman_collection.json	2128	JWT token detected
dockerfile.security.missing-user.missing-user	ERROR	/src/crAPI/services/chatbot/Dockerfile	24	By not specifying a USER, a program in the container may run as 'root'. This is a security hazard. If an attacker can control a process running as root, they may have control over the container. Ensure that the last USER in a Dockerfile is a USER other than 'root'.
generic.secrets.security.detected-private-key.detected-private-key	ERROR	/src/crAPI/services/chatbot/certs/server.key	1	Private Key detected. This is a sensitive credential and should not be hardcoded here. Instead, store this in a separate, private file.
python.lang.security.audit.logging.logger-credential-leak.python-logger-credential-disclosure	WARNING	/src/crAPI/services/chatbot/src/chatbot/aws_credentials.py	64	Detected a python logger call with a potential hardcoded secret "[BASE_SESSION] Session created - credential_method: %s, access_key_prefix: %s" being logged. This may lead to secret credentials being exposed. Make sure that the logger is not logging  sensitive information.
python.lang.security.audit.logging.logger-credential-leak.python-logger-credential-disclosure	WARNING	/src/crAPI/services/chatbot/src/chatbot/aws_credentials.py	187	Detected a python logger call with a potential hardcoded secret "Cached new credentials - expires_at: %s" being logged. This may lead to secret credentials being exposed. Make sure that the logger is not logging  sensitive information.
python.lang.security.audit.logging.logger-credential-leak.python-logger-credential-disclosure	WARNING	/src/crAPI/services/chatbot/src/chatbot/aws_credentials.py	203	Detected a python logger call with a potential hardcoded secret "[AWS_CREDS] get_aws_credentials called - region: %s, AWS_ASSUME_ROLE_ARN: %s, "\n        "has_static_access_key: %s, has_static_secret_key: %s, has_bearer_token: %s" being logged. This may lead to secret credentials being exposed. Make sure that the logger is not logging  sensitive information.
python.lang.security.audit.logging.logger-credential-leak.python-logger-credential-disclosure	WARNING	/src/crAPI/services/chatbot/src/chatbot/aws_credentials.py	221	Detected a python logger call with a potential hardcoded secret "[AWS_CREDS] Using CACHED assume role credentials - access_key_prefix: %s" being logged. This may lead to secret credentials being exposed. Make sure that the logger is not logging  sensitive information.
python.lang.security.audit.logging.logger-credential-leak.python-logger-credential-disclosure	WARNING	/src/crAPI/services/chatbot/src/chatbot/aws_credentials.py	257	Detected a python logger call with a potential hardcoded secret "[AWS_CREDS] Using STATIC credentials from env - access_key_prefix: %s, has_session_token: %s" being logged. This may lead to secret credentials being exposed. Make sure that the logger is not logging  sensitive information.
python.lang.security.audit.logging.logger-credential-leak.python-logger-credential-disclosure	WARNING	/src/crAPI/services/chatbot/src/chatbot/aws_credentials.py	311	Detected a python logger call with a potential hardcoded secret "[BEDROCK_CLIENT] Using credentials - access_key_prefix: %s, has_token: %s, region: %s" being logged. This may lead to secret credentials being exposed. Make sure that the logger is not logging  sensitive information.
python.lang.security.audit.logging.logger-credential-leak.python-logger-credential-disclosure	WARNING	/src/crAPI/services/chatbot/src/chatbot/aws_credentials.py	352	Detected a python logger call with a potential hardcoded secret "[BEDROCK_KWARGS] Failed to get credentials: %s - %s" being logged. This may lead to secret credentials being exposed. Make sure that the logger is not logging  sensitive information.
python.lang.security.audit.logging.logger-credential-leak.python-logger-credential-disclosure	WARNING	/src/crAPI/services/chatbot/src/chatbot/aws_credentials.py	377	Detected a python logger call with a potential hardcoded secret "[BEDROCK_KWARGS] Using explicit credentials - access_key_prefix: %s, has_token: %s, region: %s" being logged. This may lead to secret credentials being exposed. Make sure that the logger is not logging  sensitive information.
python.lang.security.audit.logging.logger-credential-leak.python-logger-credential-disclosure	WARNING	/src/crAPI/services/chatbot/src/chatbot/chat_api.py	89	Detected a python logger call with a potential hardcoded secret "OpenAI API Key %s" being logged. This may lead to secret credentials being exposed. Make sure that the logger is not logging  sensitive information.
python.lang.security.audit.logging.logger-credential-leak.python-logger-credential-disclosure	WARNING	/src/crAPI/services/chatbot/src/chatbot/chat_api.py	104	Detected a python logger call with a potential hardcoded secret "Anthropic API Key %s" being logged. This may lead to secret credentials being exposed. Make sure that the logger is not logging  sensitive information.
python.lang.security.audit.logging.logger-credential-leak.python-logger-credential-disclosure	WARNING	/src/crAPI/services/chatbot/src/chatbot/chat_api.py	155	Detected a python logger call with a potential hardcoded secret "=== CHAT AI CONFIG === session_id: %s, provider: %s, model_name: %s, has_api_key: %s, has_jwt: %s" being logged. This may lead to secret credentials being exposed. Make sure that the logger is not logging  sensitive information.
python.lang.security.audit.logging.logger-credential-leak.python-logger-credential-disclosure	WARNING	/src/crAPI/services/chatbot/src/chatbot/chat_api.py	176	Detected a python logger call with a potential hardcoded secret "API key missing for provider - session_id: %s, provider: %s" being logged. This may lead to secret credentials being exposed. Make sure that the logger is not logging  sensitive information.
python.lang.security.audit.logging.logger-credential-leak.python-logger-credential-disclosure	WARNING	/src/crAPI/services/chatbot/src/chatbot/chat_api.py	241	Detected a python logger call with a potential hardcoded secret "Provider API key for session %s: %s" being logged. This may lead to secret credentials being exposed. Make sure that the logger is not logging  sensitive information.
python.lang.security.audit.logging.logger-credential-leak.python-logger-credential-disclosure	WARNING	/src/crAPI/services/chatbot/src/chatbot/chat_service.py	32	Detected a python logger call with a potential hardcoded secret "Processing user message - session_id: %s, model_name: %s, provider: %s, has_api_key: %s, has_jwt: %s" being logged. This may lead to secret credentials being exposed. Make sure that the logger is not logging  sensitive information.
python.lang.security.audit.logging.logger-credential-leak.python-logger-credential-disclosure	WARNING	/src/crAPI/services/chatbot/src/chatbot/langgraph_agent.py	69	Detected a python logger call with a potential hardcoded secret "OpenAI Config - model: %s, base_url: %s, has_api_key: %s" being logged. This may lead to secret credentials being exposed. Make sure that the logger is not logging  sensitive information.
python.lang.security.audit.logging.logger-credential-leak.python-logger-credential-disclosure	WARNING	/src/crAPI/services/chatbot/src/chatbot/langgraph_agent.py	76	Detected a python logger call with a potential hardcoded secret "OpenAI Config - model: %s, base_url: (default), has_api_key: %s" being logged. This may lead to secret credentials being exposed. Make sure that the logger is not logging  sensitive information.
python.lang.security.audit.logging.logger-credential-leak.python-logger-credential-disclosure	WARNING	/src/crAPI/services/chatbot/src/chatbot/langgraph_agent.py	121	Detected a python logger call with a potential hardcoded secret "[BUILD_LLM] Failed to get Bedrock credentials: %s" being logged. This may lead to secret credentials being exposed. Make sure that the logger is not logging  sensitive information.
python.lang.security.audit.logging.logger-credential-leak.python-logger-credential-disclosure	WARNING	/src/crAPI/services/chatbot/src/chatbot/langgraph_agent.py	150	Detected a python logger call with a potential hardcoded secret "Anthropic Config - model: %s, has_api_key: %s" being logged. This may lead to secret credentials being exposed. Make sure that the logger is not logging  sensitive information.
python.lang.security.audit.logging.logger-credential-leak.python-logger-credential-disclosure	WARNING	/src/crAPI/services/chatbot/src/chatbot/langgraph_agent.py	155	Detected a python logger call with a potential hardcoded secret "Groq Config - model: %s, has_api_key: %s" being logged. This may lead to secret credentials being exposed. Make sure that the logger is not logging  sensitive information.
python.lang.security.audit.logging.logger-credential-leak.python-logger-credential-disclosure	WARNING	/src/crAPI/services/chatbot/src/chatbot/langgraph_agent.py	162	Detected a python logger call with a potential hardcoded secret "Mistral Config - model: %s, has_api_key: %s" being logged. This may lead to secret credentials being exposed. Make sure that the logger is not logging  sensitive information.
python.lang.security.audit.logging.logger-credential-leak.python-logger-credential-disclosure	WARNING	/src/crAPI/services/chatbot/src/chatbot/langgraph_agent.py	169	Detected a python logger call with a potential hardcoded secret "Cohere Config - model: %s, has_api_key: %s" being logged. This may lead to secret credentials being exposed. Make sure that the logger is not logging  sensitive information.
python.lang.security.audit.logging.logger-credential-leak.python-logger-credential-disclosure	WARNING	/src/crAPI/services/chatbot/src/chatbot/langgraph_agent.py	180	Detected a python logger call with a potential hardcoded secret "Building LangGraph agent - has_api_key: %s, model_name: %s, has_user_jwt: %s" being logged. This may lead to secret credentials being exposed. Make sure that the logger is not logging  sensitive information.
python.lang.security.audit.logging.logger-credential-leak.python-logger-credential-disclosure	WARNING	/src/crAPI/services/chatbot/src/chatbot/retriever_utils.py	146	Detected a python logger call with a potential hardcoded secret "Bedrock Embeddings Credentials - region: %s, has_explicit_credentials: %s" being logged. This may lead to secret credentials being exposed. Make sure that the logger is not logging  sensitive information.
python.lang.security.audit.logging.logger-credential-leak.python-logger-credential-disclosure	WARNING	/src/crAPI/services/chatbot/src/chatbot/session_service.py	50	Detected a python logger call with a potential hardcoded secret "API key source - session_id: %s, provider: %s, source: environment" being logged. This may lead to secret credentials being exposed. Make sure that the logger is not logging  sensitive information.
python.lang.security.audit.logging.logger-credential-leak.python-logger-credential-disclosure	WARNING	/src/crAPI/services/chatbot/src/chatbot/session_service.py	57	Detected a python logger call with a potential hardcoded secret "API key source - session_id: %s, provider: %s, source: environment" being logged. This may lead to secret credentials being exposed. Make sure that the logger is not logging  sensitive information.
python.lang.security.audit.logging.logger-credential-leak.python-logger-credential-disclosure	WARNING	/src/crAPI/services/chatbot/src/chatbot/session_service.py	64	Detected a python logger call with a potential hardcoded secret "API key not required for provider - session_id: %s, provider: %s" being logged. This may lead to secret credentials being exposed. Make sure that the logger is not logging  sensitive information.
python.lang.security.audit.logging.logger-credential-leak.python-logger-credential-disclosure	WARNING	/src/crAPI/services/chatbot/src/chatbot/session_service.py	79	Detected a python logger call with a potential hardcoded secret "API key not found in session - session_id: %s, provider: %s" being logged. This may lead to secret credentials being exposed. Make sure that the logger is not logging  sensitive information.
python.lang.security.audit.logging.logger-credential-leak.python-logger-credential-disclosure	WARNING	/src/crAPI/services/chatbot/src/chatbot/session_service.py	85	Detected a python logger call with a potential hardcoded secret "API key source - session_id: %s, provider: %s, source: session_stored" being logged. This may lead to secret credentials being exposed. Make sure that the logger is not logging  sensitive information.
python.flask.security.audit.app-run-param-config.avoid_app_run_with_bad_host	WARNING	/src/crAPI/services/chatbot/src/mcpserver/__main__.py	15	Running flask app with host 0.0.0.0 could expose the server publicly.
dockerfile.security.missing-user.missing-user	ERROR	/src/crAPI/services/community/Dockerfile	46	By not specifying a USER, a program in the container may run as 'root'. This is a security hazard. If an attacker can control a process running as root, they may have control over the container. Ensure that the last USER in a Dockerfile is a USER other than 'root'.
go.lang.security.audit.crypto.missing-ssl-minversion.missing-ssl-minversion	WARNING	/src/crAPI/services/community/api/auth/token.go	56	`MinVersion` is missing from this TLS configuration.  By default, as of Go 1.22, TLS 1.2 is currently used as the minimum. General purpose web applications should default to TLS 1.3 with all other protocols disabled.  Only where it is known that a web server must support legacy clients with unsupported an insecure browsers (such as Internet Explorer 10), it may be necessary to enable TLS 1.0 to provide support. Add `MinVersion: tls.VersionTLS13' to the TLS configuration to bump the minimum version to TLS 1.3.
problem-based-packs.insecure-transport.go-stdlib.bypass-tls-verification.bypass-tls-verification	WARNING	/src/crAPI/services/community/api/auth/token.go	56	Checks for disabling of TLS/SSL certificate verification. This should only be used for debugging purposes because it leads to vulnerability to MTM attacks.
go.jwt-go.security.audit.jwt-parse-unverified.jwt-go-parse-unverified	WARNING	/src/crAPI/services/community/api/auth/token.go	81	Detected the decoding of a JWT token without a verify step. Don't use `ParseUnverified` unless you know what you're doing This method parses the token but doesn't validate the signature. It's only ever useful in cases where you know the signature is valid (because it has been checked previously in the stack) and you want to extract values from it.
go.lang.security.audit.xss.no-fprintf-to-responsewriter.no-fprintf-to-responsewriter	WARNING	/src/crAPI/services/community/api/responses/json.go	29	Detected 'Fprintf' or similar writing to 'http.ResponseWriter'. This bypasses HTML escaping that prevents cross-site scripting vulnerabilities. Instead, use the 'html/template' package to render data to users.
go.lang.security.audit.crypto.missing-ssl-minversion.missing-ssl-minversion	WARNING	/src/crAPI/services/community/api/server.go	47	`MinVersion` is missing from this TLS configuration.  By default, as of Go 1.22, TLS 1.2 is currently used as the minimum. General purpose web applications should default to TLS 1.3 with all other protocols disabled.  Only where it is known that a web server must support legacy clients with unsupported an insecure browsers (such as Internet Explorer 10), it may be necessary to enable TLS 1.0 to provide support. Add `MinVersion: tls.VersionTLS13' to the TLS configuration to bump the minimum version to TLS 1.3.
problem-based-packs.insecure-transport.go-stdlib.bypass-tls-verification.bypass-tls-verification	WARNING	/src/crAPI/services/community/api/server.go	47	Checks for disabling of TLS/SSL certificate verification. This should only be used for debugging purposes because it leads to vulnerability to MTM attacks.
generic.secrets.security.detected-private-key.detected-private-key	ERROR	/src/crAPI/services/community/certs/server.key	1	Private Key detected. This is a sensitive credential and should not be hardcoded here. Instead, store this in a separate, private file.
dockerfile.security.missing-user.missing-user	ERROR	/src/crAPI/services/gateway-service/Dockerfile	33	By not specifying a USER, a program in the container may run as 'root'. This is a security hazard. If an attacker can control a process running as root, they may have control over the container. Ensure that the last USER in a Dockerfile is a USER other than 'root'.
go.lang.security.audit.crypto.math_random.math-random-used	WARNING	/src/crAPI/services/gateway-service/main.go	9	Do not use `math/rand`. Use `crypto/rand` instead.
go.lang.security.audit.xss.no-direct-write-to-responsewriter.no-direct-write-to-responsewriter	WARNING	/src/crAPI/services/gateway-service/main.go	107	Detected directly writing or similar in 'http.ResponseWriter.write()'. This bypasses HTML escaping that prevents cross-site scripting vulnerabilities. Instead, use the 'html/template' package and render data using 'template.Execute()'.
go.lang.security.audit.xss.no-direct-write-to-responsewriter.no-direct-write-to-responsewriter	WARNING	/src/crAPI/services/gateway-service/main.go	150	Detected directly writing or similar in 'http.ResponseWriter.write()'. This bypasses HTML escaping that prevents cross-site scripting vulnerabilities. Instead, use the 'html/template' package and render data using 'template.Execute()'.
generic.secrets.security.detected-private-key.detected-private-key	ERROR	/src/crAPI/services/gateway-service/server.key	1	Private Key detected. This is a sensitive credential and should not be hardcoded here. Instead, store this in a separate, private file.
dockerfile.security.missing-user.missing-user	ERROR	/src/crAPI/services/identity/Dockerfile	47	By not specifying a USER, a program in the container may run as 'root'. This is a security hazard. If an attacker can control a process running as root, they may have control over the container. Ensure that the last USER in a Dockerfile is a USER other than 'root'.
java.spring.security.audit.spring-csrf-disabled.spring-csrf-disabled	WARNING	/src/crAPI/services/identity/src/main/java/com/crapi/config/WebSecurityConfig.java	98	CSRF protection is disabled for this configuration. This is a security risk.
java.lang.security.audit.crypto.ssl.insecure-hostname-verifier.insecure-hostname-verifier	WARNING	/src/crAPI/services/identity/src/main/java/com/crapi/service/Impl/VehicleOwnershipServiceImpl.java	29	Insecure HostnameVerifier implementation detected. This will accept any SSL certificate with any hostname, which creates the possibility for man-in-the-middle attacks.
problem-based-packs.insecure-transport.java-stdlib.disallow-old-tls-versions1.disallow-old-tls-versions1	WARNING	/src/crAPI/services/identity/src/main/java/com/crapi/service/Impl/VehicleOwnershipServiceImpl.java	73	Detects direct creations of SSLConnectionSocketFactories that don't disallow SSL v2, SSL v3, and TLS v1. SSLSocketFactory can be used to validate the identity of the HTTPS server against a list of trusted certificates. These protocols are deprecated due to POODLE, man in the middle attacks, and other vulnerabilities.
generic.secrets.security.detected-private-key.detected-private-key	ERROR	/src/crAPI/services/identity/src/main/resources/certs/server.key	1	Private Key detected. This is a sensitive credential and should not be hardcoded here. Instead, store this in a separate, private file.
dockerfile.security.missing-user.missing-user	ERROR	/src/crAPI/services/web/Dockerfile	47	By not specifying a USER, a program in the container may run as 'root'. This is a security hazard. If an attacker can control a process running as root, they may have control over the container. Ensure that the last USER in a Dockerfile is a USER other than 'root'.
generic.secrets.security.detected-private-key.detected-private-key	ERROR	/src/crAPI/services/web/certs/server.key	1	Private Key detected. This is a sensitive credential and should not be hardcoded here. Instead, store this in a separate, private file.
dockerfile.security.missing-user.missing-user	ERROR	/src/crAPI/services/workshop/Dockerfile	48	By not specifying a USER, a program in the container may run as 'root'. This is a security hazard. If an attacker can control a process running as root, they may have control over the container. Ensure that the last USER in a Dockerfile is a USER other than 'root'.
generic.secrets.security.detected-private-key.detected-private-key	ERROR	/src/crAPI/services/workshop/certs/server.key	1	Private Key detected. This is a sensitive credential and should not be hardcoded here. Instead, store this in a separate, private file.
python.requests.security.disabled-cert-validation.disabled-cert-validation	ERROR	/src/crAPI/services/workshop/core/management/commands/seed_database.py	220	Certificate verification has been explicitly disabled. This permits insecure connections to insecure servers. Re-enable certification validation.
python.django.security.audit.csrf-exempt.no-csrf-exempt	WARNING	/src/crAPI/services/workshop/crapi/mechanic/views.py	54	Detected usage of @csrf_exempt, which indicates that there is no CSRF token set for this route. This could lead to an attacker manipulating the user's account and exfiltration of private data. Instead, create a function without this decorator.
python.flask.security.xss.audit.direct-use-of-jinja2.direct-use-of-jinja2	WARNING	/src/crAPI/services/workshop/crapi/mechanic/views.py	427	Detected direct use of jinja2. If not done properly, this may bypass HTML escaping which opens up the application to cross-site scripting (XSS) vulnerabilities. Prefer using the Flask method 'render_template()' and templates with a '.html' extension in order to prevent XSS.
python.requests.security.disabled-cert-validation.disabled-cert-validation	ERROR	/src/crAPI/services/workshop/crapi/merchant/views.py	87	Certificate verification has been explicitly disabled. This permits insecure connections to insecure servers. Re-enable certification validation.
python.requests.security.disabled-cert-validation.disabled-cert-validation	ERROR	/src/crAPI/services/workshop/crapi/shop/views.py	141	Certificate verification has been explicitly disabled. This permits insecure connections to insecure servers. Re-enable certification validation.
python.sqlalchemy.security.sqlalchemy-execute-raw-query.sqlalchemy-execute-raw-query	ERROR	/src/crAPI/services/workshop/crapi/shop/views.py	388	Avoiding SQL string concatenation: untrusted input concatenated with raw SQL query can result in SQL Injection. In order to execute raw query safely, prepared statement should be used. SQLAlchemy provides TextualSQL to easily used prepared statement with named parameters. For complex SQL composition, use SQL Expression Language or Schema Definition Language. In most cases, SQLAlchemy ORM will be a better option.
python.django.security.injection.tainted-sql-string.tainted-sql-string	ERROR	/src/crAPI/services/workshop/crapi/shop/views.py	389	Detected user input used to manually construct a SQL string. This is usually bad practice because manual construction could accidentally result in a SQL injection. An attacker could use a SQL injection to steal or modify contents of the database. Instead, use a parameterized query which is available by default in most database engines. Alternatively, consider using the Django object-relational mappers (ORM) instead of raw SQL queries.
python.django.security.audit.django-rest-framework.missing-throttle-config.missing-throttle-config	WARNING	/src/crAPI/services/workshop/crapi_site/settings.py	128	Django REST framework configuration is missing default rate- limiting options. This could inadvertently allow resource starvation or Denial of Service (DoS) attacks. Add 'DEFAULT_THROTTLE_CLASSES' and 'DEFAULT_THROTTLE_RATES' to add rate-limiting to your application.
python.requests.security.disabled-cert-validation.disabled-cert-validation	ERROR	/src/crAPI/services/workshop/utils/jwt.py	53	Certificate verification has been explicitly disabled. This permits insecure connections to insecure servers. Re-enable certification validation.
python.jwt.security.unverified-jwt-decode.unverified-jwt-decode	ERROR	/src/crAPI/services/workshop/utils/jwt.py	61	Detected JWT token decoded with 'verify=False'. This bypasses any integrity checks for the token which means the token could be tampered with by malicious actors. Ensure that the JWT token is verified.
